7.132317870855331421e-02, 5.040378309786319733e-04, 0.000000000000000000e+00, 0.000000000000000000e+00, 0.000000000000000000e+00, 6.353061180561780930e-04, 5.056143272668123245e-04, 7.299753488041460514e-04, 0.000000000000000000e+00, 5.775644676759839058e-04, 0.000000000000000000e+00, 0.000000000000000000e+00, 0.000000000000000000e+00, 5.074267392046749592e-04, 0.000000000000000000e+00, 5.266895168460905552e-04, 0.000000000000000000e+00, 5.391183076426386833e-04, 0.000000000000000000e+00, 0.000000000000000000e+00, 5.627215141430497169e-04, 0.000000000000000000e+00, 5.001825629733502865e-04, 0.000000000000000000e+00, 0.000000000000000000e+00, 0.000000000000000000e+00, 0.000000000000000000e+00, 0.000000000000000000e+00, 0.000000000000000000e+00, 0.000000000000000000e+00, 0.000000000000000000e+00, 0.000000000000000000e+00, 0.000000000000000000e+00, 0.000000000000000000e+00, 0.000000000000000000e+00, 0.000000000000000000e+00, 0.000000000000000000e+00, 0.000000000000000000e+00, 0.000000000000000000e+00, 0.000000000000000000e+00, 0.000000000000000000e+00, 0.000000000000000000e+00, 0.000000000000000000e+00, 0.000000000000000000e+00, 0.000000000000000000e+00, 0.000000000000000000e+00
5.501129198819398880e-04, 7.437231391668319702e-02, 0.000000000000000000e+00, 0.000000000000000000e+00, 0.000000000000000000e+00, 5.471123149618506432e-04, 5.592285306192934513e-04, 5.368162528611719608e-04, 0.000000000000000000e+00, 8.132200455293059349e-04, 0.000000000000000000e+00, 0.000000000000000000e+00, 0.000000000000000000e+00, 5.517485551536083221e-04, 0.000000000000000000e+00, 5.685088108293712139e-04, 0.000000000000000000e+00, 6.844312883913516998e-04, 0.000000000000000000e+00, 0.000000000000000000e+00, 6.313165649771690369e-04, 0.000000000000000000e+00, 6.355963996611535549e-04, 0.000000000000000000e+00, 0.000000000000000000e+00, 0.000000000000000000e+00, 0.000000000000000000e+00, 0.000000000000000000e+00, 0.000000000000000000e+00, 0.000000000000000000e+00, 0.000000000000000000e+00, 0.000000000000000000e+00, 0.000000000000000000e+00, 0.000000000000000000e+00, 0.000000000000000000e+00, 0.000000000000000000e+00, 0.000000000000000000e+00, 0.000000000000000000e+00, 0.000000000000000000e+00, 0.000000000000000000e+00, 0.000000000000000000e+00, 0.000000000000000000e+00, 0.000000000000000000e+00, 0.000000000000000000e+00, 0.000000000000000000e+00, 0.000000000000000000e+00
0.000000000000000000e+00, 0.000000000000000000e+00, 6.743878126144409180e-02, 0.000000000000000000e+00, 5.307826795615255833e-04, 0.000000000000000000e+00, 0.000000000000000000e+00, 0.000000000000000000e+00, 0.000000000000000000e+00, 0.000000000000000000e+00, 6.020159344188868999e-04, 6.783831631764769554e-04, 0.000000000000000000e+00, 0.000000000000000000e+00, 0.000000000000000000e+00, 0.000000000000000000e+00, 0.000000000000000000e+00, 0.000000000000000000e+00, 0.000000000000000000e+00, 7.662149146199226379e-04, 0.000000000000000000e+00, 0.000000000000000000e+00, 0.000000000000000000e+00, 5.617518909275531769e-04, 0.000000000000000000e+00, 0.000000000000000000e+00, 0.000000000000000000e+00, 0.000000000000000000e+00, 6.629609270021319389e-04, 0.000000000000000000e+00, 0.000000000000000000e+00, 5.638630827888846397e-04, 0.000000000000000000e+00, 0.000000000000000000e+00, 6.239779177121818066e-04, 0.000000000000000000e+00, 0.000000000000000000e+00, 0.000000000000000000e+00, 0.000000000000000000e+00, 0.000000000000000000e+00, 0.000000000000000000e+00, 0.000000000000000000e+00, 0.000000000000000000e+00, 0.000000000000000000e+00, 0.000000000000000000e+00, 0.000000000000000000e+00
0.000000000000000000e+00, 0.000000000000000000e+00, 0.000000000000000000e+00, 6.586246937513351440e-02, 0.000000000000000000e+00, 0.000000000000000000e+00, 0.000000000000000000e+00, 0.000000000000000000e+00, 7.225733716040849686e-04, 0.000000000000000000e+00, 0.000000000000000000e+00, 0.000000000000000000e+00, 0.000000000000000000e+00, 0.000000000000000000e+00, 0.000000000000000000e+00, 0.000000000000000000e+00, 0.000000000000000000e+00, 0.000000000000000000e+00, 0.000000000000000000e+00, 0.000000000000000000e+00, 0.000000000000000000e+00, 0.000000000000000000e+00, 0.000000000000000000e+00, 0.000000000000000000e+00, 0.000000000000000000e+00, 4.511447041295468807e-04, 0.000000000000000000e+00, 0.000000000000000000e+00, 0.000000000000000000e+00, 7.993793115019798279e-04, 0.000000000000000000e+00, 0.000000000000000000e+00, 4.539988003671169281e-04, 0.000000000000000000e+00, 0.000000000000000000e+00, 0.000000000000000000e+00, 4.997865762561559677e-04, 0.000000000000000000e+00, 5.191121599636971951e-04, 0.000000000000000000e+00, 0.000000000000000000e+00, 4.836787411477416754e-04, 0.000000000000000000e+00, 0.000000000000000000e+00, 0.000000000000000000e+00, 4.992494359612464905e-04
0.000000000000000000e+00, 0.000000000000000000e+00, 6.319921812973916531e-04, 0.000000000000000000e+00, 7.127264142036437988e-02, 0.000000000000000000e+00, 0.000000000000000000e+00, 0.000000000000000000e+00, 0.000000000000000000e+00, 0.000000000000000000e+00, 6.390089401975274086e-04, 9.909565560519695282e-04, 0.000000000000000000e+00, 0.000000000000000000e+00, 0.000000000000000000e+00, 0.000000000000000000e+00, 0.000000000000000000e+00, 0.000000000000000000e+00, 0.000000000000000000e+00, 1.135973259806632996e-03, 0.000000000000000000e+00, 0.000000000000000000e+00, 0.000000000000000000e+00, 6.239782669581472874e-04, 0.000000000000000000e+00, 0.000000000000000000e+00, 0.000000000000000000e+00, 0.000000000000000000e+00, 6.778324604965746403e-04, 0.000000000000000000e+00, 0.000000000000000000e+00, 6.195303867571055889e-04, 0.000000000000000000e+00, 0.000000000000000000e+00, 6.504095508717000484e-04, 0.000000000000000000e+00, 0.000000000000000000e+00, 0.000000000000000000e+00, 0.000000000000000000e+00, 0.000000000000000000e+00, 0.000000000000000000e+00, 0.000000000000000000e+00, 0.000000000000000000e+00, 0.000000000000000000e+00, 0.000000000000000000e+00, 0.000000000000000000e+00
6.175916641950607300e-04, 4.928743583150207996e-04, 0.000000000000000000e+00, 0.000000000000000000e+00, 0.000000000000000000e+00, 6.907554715871810913e-02, 5.230535170994699001e-04, 6.126258522272109985e-04, 0.000000000000000000e+00, 5.580592551268637180e-04, 0.000000000000000000e+00, 0.000000000000000000e+00, 0.000000000000000000e+00, 5.179044674150645733e-04, 0.000000000000000000e+00, 5.272547132335603237e-04, 0.000000000000000000e+00, 5.494410288520157337e-04, 0.000000000000000000e+00, 0.000000000000000000e+00, 5.802101222798228264e-04, 0.000000000000000000e+00, 5.255141295492649078e-04, 0.000000000000000000e+00, 0.000000000000000000e+00, 0.000000000000000000e+00, 0.000000000000000000e+00, 0.000000000000000000e+00, 0.000000000000000000e+00, 0.000000000000000000e+00, 0.000000000000000000e+00, 0.000000000000000000e+00, 0.000000000000000000e+00, 0.000000000000000000e+00, 0.000000000000000000e+00, 0.000000000000000000e+00, 0.000000000000000000e+00, 0.000000000000000000e+00, 0.000000000000000000e+00, 0.000000000000000000e+00, 0.000000000000000000e+00, 0.000000000000000000e+00, 0.000000000000000000e+00, 0.000000000000000000e+00, 0.000000000000000000e+00, 0.000000000000000000e+00
6.877827690914273262e-04, 7.192422635853290558e-04, 0.000000000000000000e+00, 0.000000000000000000e+00, 0.000000000000000000e+00, 7.638611132279038429e-04, 8.468678593635559082e-02, 6.693223258480429649e-04, 0.000000000000000000e+00, 8.711989503353834152e-04, 0.000000000000000000e+00, 0.000000000000000000e+00, 0.000000000000000000e+00, 7.377009605988860130e-04, 0.000000000000000000e+00, 7.430213736370205879e-04, 0.000000000000000000e+00, 9.046190534718334675e-04, 0.000000000000000000e+00, 0.000000000000000000e+00, 1.026264741085469723e-03, 0.000000000000000000e+00, 8.439312223345041275e-04, 0.000000000000000000e+00, 0.000000000000000000e+00, 0.000000000000000000e+00, 0.000000000000000000e+00, 0.000000000000000000e+00, 0.000000000000000000e+00, 0.000000000000000000e+00, 0.000000000000000000e+00, 0.000000000000000000e+00, 0.000000000000000000e+00, 0.000000000000000000e+00, 0.000000000000000000e+00, 0.000000000000000000e+00, 0.000000000000000000e+00, 0.000000000000000000e+00, 0.000000000000000000e+00, 0.000000000000000000e+00, 0.000000000000000000e+00, 0.000000000000000000e+00, 0.000000000000000000e+00, 0.000000000000000000e+00, 0.000000000000000000e+00, 0.000000000000000000e+00
7.112500024959445000e-04, 5.073262727819383144e-04, 0.000000000000000000e+00, 0.000000000000000000e+00, 0.000000000000000000e+00, 6.131010013632476330e-04, 4.911189316771924496e-04, 6.978596746921539307e-02, 0.000000000000000000e+00, 5.825436674058437347e-04, 0.000000000000000000e+00, 0.000000000000000000e+00, 0.000000000000000000e+00, 4.990247543901205063e-04, 0.000000000000000000e+00, 5.178944556973874569e-04, 0.000000000000000000e+00, 5.260987090878188610e-04, 0.000000000000000000e+00, 0.000000000000000000e+00, 5.495682707987725735e-04, 0.000000000000000000e+00, 4.976767813786864281e-04, 0.000000000000000000e+00, 0.000000000000000000e+00, 0.000000000000000000e+00, 0.000000000000000000e+00, 0.000000000000000000e+00, 0.000000000000000000e+00, 0.000000000000000000e+00, 0.000000000000000000e+00, 0.000000000000000000e+00, 0.000000000000000000e+00, 0.000000000000000000e+00, 0.000000000000000000e+00, 0.000000000000000000e+00, 0.000000000000000000e+00, 0.000000000000000000e+00, 0.000000000000000000e+00, 0.000000000000000000e+00, 0.000000000000000000e+00, 0.000000000000000000e+00, 0.000000000000000000e+00, 0.000000000000000000e+00, 0.000000000000000000e+00, 0.000000000000000000e+00
0.000000000000000000e+00, 0.000000000000000000e+00, 0.000000000000000000e+00, 1.004002755507826805e-03, 0.000000000000000000e+00, 0.000000000000000000e+00, 0.000000000000000000e+00, 0.000000000000000000e+00, 7.439368218183517456e-02, 0.000000000000000000e+00, 0.000000000000000000e+00, 0.000000000000000000e+00, 0.000000000000000000e+00, 0.000000000000000000e+00, 0.000000000000000000e+00, 0.000000000000000000e+00, 0.000000000000000000e+00, 0.000000000000000000e+00, 0.000000000000000000e+00, 0.000000000000000000e+00, 0.000000000000000000e+00, 0.000000000000000000e+00, 0.000000000000000000e+00, 0.000000000000000000e+00, 0.000000000000000000e+00, 4.709790518973022699e-04, 0.000000000000000000e+00, 0.000000000000000000e+00, 0.000000000000000000e+00, 1.250949339009821415e-03, 0.000000000000000000e+00, 0.000000000000000000e+00, 5.073948996141552925e-04, 0.000000000000000000e+00, 0.000000000000000000e+00, 0.000000000000000000e+00, 5.855352501384913921e-04, 0.000000000000000000e+00, 6.071666139177978039e-04, 0.000000000000000000e+00, 0.000000000000000000e+00, 5.513833020813763142e-04, 0.000000000000000000e+00, 0.000000000000000000e+00, 0.000000000000000000e+00, 5.780431092716753483e-04
6.562347407452762127e-04, 8.551579667255282402e-04, 0.000000000000000000e+00, 0.000000000000000000e+00, 0.000000000000000000e+00, 6.865964387543499470e-04, 7.086636614985764027e-04, 6.569203105755150318e-04, 0.000000000000000000e+00, 9.480361640453338623e-02, 0.000000000000000000e+00, 0.000000000000000000e+00, 0.000000000000000000e+00, 6.698079523630440235e-04, 0.000000000000000000e+00, 6.782126147300004959e-04, 0.000000000000000000e+00, 9.336267248727381229e-04, 0.000000000000000000e+00, 0.000000000000000000e+00, 8.122950675897300243e-04, 0.000000000000000000e+00, 7.567516877315938473e-04, 0.000000000000000000e+00, 0.000000000000000000e+00, 0.000000000000000000e+00, 0.000000000000000000e+00, 0.000000000000000000e+00, 0.000000000000000000e+00, 0.000000000000000000e+00, 0.000000000000000000e+00, 0.000000000000000000e+00, 0.000000000000000000e+00, 0.000000000000000000e+00, 0.000000000000000000e+00, 0.000000000000000000e+00, 0.000000000000000000e+00, 0.000000000000000000e+00, 0.000000000000000000e+00, 0.000000000000000000e+00, 0.000000000000000000e+00, 0.000000000000000000e+00, 0.000000000000000000e+00, 0.000000000000000000e+00, 0.000000000000000000e+00, 0.000000000000000000e+00
0.000000000000000000e+00, 0.000000000000000000e+00, 6.521336035802960396e-04, 0.000000000000000000e+00, 5.931290215812623501e-04, 0.000000000000000000e+00, 0.000000000000000000e+00, 0.000000000000000000e+00, 0.000000000000000000e+00, 0.000000000000000000e+00, 7.760263234376907349e-02, 7.330151274800300598e-04, 0.000000000000000000e+00, 0.000000000000000000e+00, 0.000000000000000000e+00, 0.000000000000000000e+00, 0.000000000000000000e+00, 0.000000000000000000e+00, 0.000000000000000000e+00, 8.233232656493782997e-04, 0.000000000000000000e+00, 0.000000000000000000e+00, 0.000000000000000000e+00, 6.113033741712570190e-04, 0.000000000000000000e+00, 0.000000000000000000e+00, 0.000000000000000000e+00, 0.000000000000000000e+00, 7.359379669651389122e-04, 0.000000000000000000e+00, 0.000000000000000000e+00, 6.123200873844325542e-04, 0.000000000000000000e+00, 0.000000000000000000e+00, 7.284882012754678726e-04, 0.000000000000000000e+00, 0.000000000000000000e+00, 0.000000000000000000e+00, 0.000000000000000000e+00, 0.000000000000000000e+00, 0.000000000000000000e+00, 0.000000000000000000e+00, 0.000000000000000000e+00, 0.000000000000000000e+00, 0.000000000000000000e+00, 0.000000000000000000e+00
0.000000000000000000e+00, 0.000000000000000000e+00, 4.567349096760153770e-04, 0.000000000000000000e+00, 4.869798140134662390e-04, 0.000000000000000000e+00, 0.000000000000000000e+00, 0.000000000000000000e+00, 0.000000000000000000e+00, 0.000000000000000000e+00, 4.928415291942656040e-04, 6.891324371099472046e-02, 0.000000000000000000e+00, 0.000000000000000000e+00, 0.000000000000000000e+00, 0.000000000000000000e+00, 0.000000000000000000e+00, 0.000000000000000000e+00, 0.000000000000000000e+00, 8.539460832253098488e-04, 0.000000000000000000e+00, 0.000000000000000000e+00, 0.000000000000000000e+00, 4.380553727969527245e-04, 0.000000000000000000e+00, 0.000000000000000000e+00, 0.000000000000000000e+00, 0.000000000000000000e+00, 4.675589152611792088e-04, 0.000000000000000000e+00, 0.000000000000000000e+00, 4.442354838829487562e-04, 0.000000000000000000e+00, 0.000000000000000000e+00, 4.718969576060771942e-04, 0.000000000000000000e+00, 0.000000000000000000e+00, 0.000000000000000000e+00, 0.000000000000000000e+00, 0.000000000000000000e+00, 0.000000000000000000e+00, 0.000000000000000000e+00, 0.000000000000000000e+00, 0.000000000000000000e+00, 0.000000000000000000e+00, 0.000000000000000000e+00
0.000000000000000000e+00, 0.000000000000000000e+00, 0.000000000000000000e+00, 0.000000000000000000e+00, 0.000000000000000000e+00, 0.000000000000000000e+00, 0.000000000000000000e+00, 0.000000000000000000e+00, 0.000000000000000000e+00, 0.000000000000000000e+00, 0.000000000000000000e+00, 0.000000000000000000e+00, 9.094996750354766846e-02, 0.000000000000000000e+00, 0.000000000000000000e+00, 0.000000000000000000e+00, 0.000000000000000000e+00, 0.000000000000000000e+00, 1.139561180025339127e-03, 0.000000000000000000e+00, 0.000000000000000000e+00, 0.000000000000000000e+00, 0.000000000000000000e+00, 0.000000000000000000e+00, 6.195580936037003994e-04, 0.000000000000000000e+00, 0.000000000000000000e+00, 0.000000000000000000e+00, 0.000000000000000000e+00, 0.000000000000000000e+00, 0.000000000000000000e+00, 0.000000000000000000e+00, 0.000000000000000000e+00, 7.773341494612395763e-04, 0.000000000000000000e+00, 8.977957768365740776e-04, 0.000000000000000000e+00, 6.195852765813469887e-04, 0.000000000000000000e+00, 7.960642105899751186e-04, 0.000000000000000000e+00, 0.000000000000000000e+00, 7.059496711008250713e-04, 0.000000000000000000e+00, 6.781059782952070236e-04, 0.000000000000000000e+00
6.045462214387953281e-04, 6.178905023261904716e-04, 0.000000000000000000e+00, 0.000000000000000000e+00, 0.000000000000000000e+00, 6.416564574465155602e-04, 6.304402486421167850e-04, 5.904395366087555885e-04, 0.000000000000000000e+00, 7.478584884665906429e-04, 0.000000000000000000e+00, 0.000000000000000000e+00, 0.000000000000000000e+00, 7.487784326076507568e-02, 0.000000000000000000e+00, 6.571293924935162067e-04, 0.000000000000000000e+00, 6.774427019990980625e-04, 0.000000000000000000e+00, 0.000000000000000000e+00, 7.364990888163447380e-04, 0.000000000000000000e+00, 5.956277018412947655e-04, 0.000000000000000000e+00, 0.000000000000000000e+00, 0.000000000000000000e+00, 0.000000000000000000e+00, 0.000000000000000000e+00, 0.000000000000000000e+00, 0.000000000000000000e+00, 0.000000000000000000e+00, 0.000000000000000000e+00, 0.000000000000000000e+00, 0.000000000000000000e+00, 0.000000000000000000e+00, 0.000000000000000000e+00, 0.000000000000000000e+00, 0.000000000000000000e+00, 0.000000000000000000e+00, 0.000000000000000000e+00, 0.000000000000000000e+00, 0.000000000000000000e+00, 0.000000000000000000e+00, 0.000000000000000000e+00, 0.000000000000000000e+00, 0.000000000000000000e+00
0.000000000000000000e+00, 0.000000000000000000e+00, 0.000000000000000000e+00, 0.000000000000000000e+00, 0.000000000000000000e+00, 0.000000000000000000e+00, 0.000000000000000000e+00, 0.000000000000000000e+00, 0.000000000000000000e+00, 0.000000000000000000e+00, 0.000000000000000000e+00, 0.000000000000000000e+00, 0.000000000000000000e+00, 0.000000000000000000e+00, 7.711605727672576904e-02, 0.000000000000000000e+00, 2.408392960205674171e-03, 0.000000000000000000e+00, 0.000000000000000000e+00, 0.000000000000000000e+00, 0.000000000000000000e+00, 0.000000000000000000e+00, 0.000000000000000000e+00, 0.000000000000000000e+00, 0.000000000000000000e+00, 0.000000000000000000e+00, 0.000000000000000000e+00, 0.000000000000000000e+00, 0.000000000000000000e+00, 0.000000000000000000e+00, 0.000000000000000000e+00, 0.000000000000000000e+00, 0.000000000000000000e+00, 0.000000000000000000e+00, 0.000000000000000000e+00, 0.000000000000000000e+00, 0.000000000000000000e+00, 0.000000000000000000e+00, 0.000000000000000000e+00, 0.000000000000000000e+00, 0.000000000000000000e+00, 0.000000000000000000e+00, 0.000000000000000000e+00, 0.000000000000000000e+00, 0.000000000000000000e+00, 0.000000000000000000e+00
6.195117020979523659e-04, 6.299107917584478855e-04, 0.000000000000000000e+00, 0.000000000000000000e+00, 0.000000000000000000e+00, 6.581502384506165981e-04, 6.628301925957202911e-04, 6.113150157034397125e-04, 0.000000000000000000e+00, 7.762206369079649448e-04, 0.000000000000000000e+00, 0.000000000000000000e+00, 0.000000000000000000e+00, 6.624147063121199608e-04, 0.000000000000000000e+00, 8.692048490047454834e-02, 0.000000000000000000e+00, 7.076223846524953842e-04, 0.000000000000000000e+00, 0.000000000000000000e+00, 7.507539703510701656e-04, 0.000000000000000000e+00, 6.094489945098757744e-04, 0.000000000000000000e+00, 0.000000000000000000e+00, 0.000000000000000000e+00, 0.000000000000000000e+00, 0.000000000000000000e+00, 0.000000000000000000e+00, 0.000000000000000000e+00, 0.000000000000000000e+00, 0.000000000000000000e+00, 0.000000000000000000e+00, 0.000000000000000000e+00, 0.000000000000000000e+00, 0.000000000000000000e+00, 0.000000000000000000e+00, 0.000000000000000000e+00, 0.000000000000000000e+00, 0.000000000000000000e+00, 0.000000000000000000e+00, 0.000000000000000000e+00, 0.000000000000000000e+00, 0.000000000000000000e+00, 0.000000000000000000e+00, 0.000000000000000000e+00
0.000000000000000000e+00, 0.000000000000000000e+00, 0.000000000000000000e+00, 0.000000000000000000e+00, 0.000000000000000000e+00, 0.000000000000000000e+00, 0.000000000000000000e+00, 0.000000000000000000e+00, 0.000000000000000000e+00, 0.000000000000000000e+00, 0.000000000000000000e+00, 0.000000000000000000e+00, 0.000000000000000000e+00, 0.000000000000000000e+00, 2.302694367244839668e-03, 0.000000000000000000e+00, 9.367480129003524780e-02, 0.000000000000000000e+00, 0.000000000000000000e+00, 0.000000000000000000e+00, 0.000000000000000000e+00, 0.000000000000000000e+00, 0.000000000000000000e+00, 0.000000000000000000e+00, 0.000000000000000000e+00, 0.000000000000000000e+00, 0.000000000000000000e+00, 0.000000000000000000e+00, 0.000000000000000000e+00, 0.000000000000000000e+00, 0.000000000000000000e+00, 0.000000000000000000e+00, 0.000000000000000000e+00, 0.000000000000000000e+00, 0.000000000000000000e+00, 0.000000000000000000e+00, 0.000000000000000000e+00, 0.000000000000000000e+00, 0.000000000000000000e+00, 0.000000000000000000e+00, 0.000000000000000000e+00, 0.000000000000000000e+00, 0.000000000000000000e+00, 0.000000000000000000e+00, 0.000000000000000000e+00, 0.000000000000000000e+00
5.000988603569567204e-04, 5.880974349565804005e-04, 0.000000000000000000e+00, 0.000000000000000000e+00, 0.000000000000000000e+00, 5.569215863943099976e-04, 5.732232239097356796e-04, 4.914299352094531059e-04, 0.000000000000000000e+00, 7.349150255322456360e-04, 0.000000000000000000e+00, 0.000000000000000000e+00, 0.000000000000000000e+00, 5.082611460238695145e-04, 0.000000000000000000e+00, 5.341833457350730896e-04, 0.000000000000000000e+00, 7.609933614730834961e-02, 0.000000000000000000e+00, 0.000000000000000000e+00, 6.226305849850177765e-04, 0.000000000000000000e+00, 5.897466908209025860e-04, 0.000000000000000000e+00, 0.000000000000000000e+00, 0.000000000000000000e+00, 0.000000000000000000e+00, 0.000000000000000000e+00, 0.000000000000000000e+00, 0.000000000000000000e+00, 0.000000000000000000e+00, 0.000000000000000000e+00, 0.000000000000000000e+00, 0.000000000000000000e+00, 0.000000000000000000e+00, 0.000000000000000000e+00, 0.000000000000000000e+00, 0.000000000000000000e+00, 0.000000000000000000e+00, 0.000000000000000000e+00, 0.000000000000000000e+00, 0.000000000000000000e+00, 0.000000000000000000e+00, 0.000000000000000000e+00, 0.000000000000000000e+00, 0.000000000000000000e+00
0.000000000000000000e+00, 0.000000000000000000e+00, 0.000000000000000000e+00, 0.000000000000000000e+00, 0.000000000000000000e+00, 0.000000000000000000e+00, 0.000000000000000000e+00, 0.000000000000000000e+00, 0.000000000000000000e+00, 0.000000000000000000e+00, 0.000000000000000000e+00, 0.000000000000000000e+00, 1.027422025799751282e-03, 0.000000000000000000e+00, 0.000000000000000000e+00, 0.000000000000000000e+00, 0.000000000000000000e+00, 0.000000000000000000e+00, 8.644524216651916504e-02, 0.000000000000000000e+00, 0.000000000000000000e+00, 0.000000000000000000e+00, 0.000000000000000000e+00, 0.000000000000000000e+00, 5.995599785819649696e-04, 0.000000000000000000e+00, 0.000000000000000000e+00, 0.000000000000000000e+00, 0.000000000000000000e+00, 0.000000000000000000e+00, 0.000000000000000000e+00, 0.000000000000000000e+00, 0.000000000000000000e+00, 7.093713502399623394e-04, 0.000000000000000000e+00, 8.071577758528292179e-04, 0.000000000000000000e+00, 5.800236249342560768e-04, 0.000000000000000000e+00, 7.418689201585948467e-04, 0.000000000000000000e+00, 0.000000000000000000e+00, 6.027572671882808208e-04, 0.000000000000000000e+00, 5.979054840281605721e-04, 0.000000000000000000e+00
0.000000000000000000e+00, 0.000000000000000000e+00, 4.470428975764662027e-04, 0.000000000000000000e+00, 4.697861731983721256e-04, 0.000000000000000000e+00, 0.000000000000000000e+00, 0.000000000000000000e+00, 0.000000000000000000e+00, 0.000000000000000000e+00, 4.871066776104271412e-04, 7.644482539035379887e-04, 0.000000000000000000e+00, 0.000000000000000000e+00, 0.000000000000000000e+00, 0.000000000000000000e+00, 0.000000000000000000e+00, 0.000000000000000000e+00, 0.000000000000000000e+00, 8.302578330039978027e-02, 0.000000000000000000e+00, 0.000000000000000000e+00, 0.000000000000000000e+00, 4.210016049910336733e-04, 0.000000000000000000e+00, 0.000000000000000000e+00, 0.000000000000000000e+00, 0.000000000000000000e+00, 4.604323476087301970e-04, 0.000000000000000000e+00, 0.000000000000000000e+00, 4.292879893910139799e-04, 0.000000000000000000e+00, 0.000000000000000000e+00, 4.654775548260658979e-04, 0.000000000000000000e+00, 0.000000000000000000e+00, 0.000000000000000000e+00, 0.000000000000000000e+00, 0.000000000000000000e+00, 0.000000000000000000e+00, 0.000000000000000000e+00, 0.000000000000000000e+00, 0.000000000000000000e+00, 0.000000000000000000e+00, 0.000000000000000000e+00
5.509855691343545914e-04, 5.970632191747426987e-04, 0.000000000000000000e+00, 0.000000000000000000e+00, 0.000000000000000000e+00, 5.934100481681525707e-04, 6.515039131045341492e-04, 5.209522787481546402e-04, 0.000000000000000000e+00, 7.223293650895357132e-04, 0.000000000000000000e+00, 0.000000000000000000e+00, 0.000000000000000000e+00, 6.165581289678812027e-04, 0.000000000000000000e+00, 6.169354310259222984e-04, 0.000000000000000000e+00, 6.627827533520758152e-04, 0.000000000000000000e+00, 0.000000000000000000e+00, 8.890727162361145020e-02, 0.000000000000000000e+00, 6.654402241110801697e-04, 0.000000000000000000e+00, 0.000000000000000000e+00, 0.000000000000000000e+00, 0.000000000000000000e+00, 0.000000000000000000e+00, 0.000000000000000000e+00, 0.000000000000000000e+00, 0.000000000000000000e+00, 0.000000000000000000e+00, 0.000000000000000000e+00, 0.000000000000000000e+00, 0.000000000000000000e+00, 0.000000000000000000e+00, 0.000000000000000000e+00, 0.000000000000000000e+00, 0.000000000000000000e+00, 0.000000000000000000e+00, 0.000000000000000000e+00, 0.000000000000000000e+00, 0.000000000000000000e+00, 0.000000000000000000e+00, 0.000000000000000000e+00, 0.000000000000000000e+00
0.000000000000000000e+00, 0.000000000000000000e+00, 0.000000000000000000e+00, 0.000000000000000000e+00, 0.000000000000000000e+00, 0.000000000000000000e+00, 0.000000000000000000e+00, 0.000000000000000000e+00, 0.000000000000000000e+00, 0.000000000000000000e+00, 0.000000000000000000e+00, 0.000000000000000000e+00, 0.000000000000000000e+00, 0.000000000000000000e+00, 0.000000000000000000e+00, 0.000000000000000000e+00, 0.000000000000000000e+00, 0.000000000000000000e+00, 0.000000000000000000e+00, 0.000000000000000000e+00, 0.000000000000000000e+00, 8.118350058794021606e-02, 0.000000000000000000e+00, 0.000000000000000000e+00, 0.000000000000000000e+00, 0.000000000000000000e+00, 0.000000000000000000e+00, 0.000000000000000000e+00, 0.000000000000000000e+00, 0.000000000000000000e+00, 0.000000000000000000e+00, 0.000000000000000000e+00, 0.000000000000000000e+00, 0.000000000000000000e+00, 0.000000000000000000e+00, 0.000000000000000000e+00, 0.000000000000000000e+00, 0.000000000000000000e+00, 0.000000000000000000e+00, 0.000000000000000000e+00, 0.000000000000000000e+00, 0.000000000000000000e+00, 0.000000000000000000e+00, 0.000000000000000000e+00, 0.000000000000000000e+00, 0.000000000000000000e+00
7.195356884039938450e-04, 8.102664723992347717e-04, 0.000000000000000000e+00, 0.000000000000000000e+00, 0.000000000000000000e+00, 8.591743535362184048e-04, 7.959614740684628487e-04, 6.935427663847804070e-04, 0.000000000000000000e+00, 1.023060409352183342e-03, 0.000000000000000000e+00, 0.000000000000000000e+00, 0.000000000000000000e+00, 6.978661986067891121e-04, 0.000000000000000000e+00, 7.245724555104970932e-04, 0.000000000000000000e+00, 9.448766359128057957e-04, 0.000000000000000000e+00, 0.000000000000000000e+00, 9.921209421008825302e-04, 0.000000000000000000e+00, 7.860843837261199951e-02, 0.000000000000000000e+00, 0.000000000000000000e+00, 0.000000000000000000e+00, 0.000000000000000000e+00, 0.000000000000000000e+00, 0.000000000000000000e+00, 0.000000000000000000e+00, 0.000000000000000000e+00, 0.000000000000000000e+00, 0.000000000000000000e+00, 0.000000000000000000e+00, 0.000000000000000000e+00, 0.000000000000000000e+00, 0.000000000000000000e+00, 0.000000000000000000e+00, 0.000000000000000000e+00, 0.000000000000000000e+00, 0.000000000000000000e+00, 0.000000000000000000e+00, 0.000000000000000000e+00, 0.000000000000000000e+00, 0.000000000000000000e+00, 0.000000000000000000e+00
0.000000000000000000e+00, 0.000000000000000000e+00, 5.975752719677984715e-04, 0.000000000000000000e+00, 5.739766638725996017e-04, 0.000000000000000000e+00, 0.000000000000000000e+00, 0.000000000000000000e+00, 0.000000000000000000e+00, 0.000000000000000000e+00, 6.226336699910461903e-04, 6.562017952091991901e-04, 0.000000000000000000e+00, 0.000000000000000000e+00, 0.000000000000000000e+00, 0.000000000000000000e+00, 0.000000000000000000e+00, 0.000000000000000000e+00, 0.000000000000000000e+00, 6.870919023640453815e-04, 0.000000000000000000e+00, 0.000000000000000000e+00, 0.000000000000000000e+00, 7.030119001865386963e-02, 0.000000000000000000e+00, 0.000000000000000000e+00, 0.000000000000000000e+00, 0.000000000000000000e+00, 7.362882606685161591e-04, 0.000000000000000000e+00, 0.000000000000000000e+00, 6.598703330382704735e-04, 0.000000000000000000e+00, 0.000000000000000000e+00, 6.215018802322447300e-04, 0.000000000000000000e+00, 0.000000000000000000e+00, 0.000000000000000000e+00, 0.000000000000000000e+00, 0.000000000000000000e+00, 0.000000000000000000e+00, 0.000000000000000000e+00, 0.000000000000000000e+00, 0.000000000000000000e+00, 0.000000000000000000e+00, 0.000000000000000000e+00
0.000000000000000000e+00, 0.000000000000000000e+00, 0.000000000000000000e+00, 0.000000000000000000e+00, 0.000000000000000000e+00, 0.000000000000000000e+00, 0.000000000000000000e+00, 0.000000000000000000e+00, 0.000000000000000000e+00, 0.000000000000000000e+00, 0.000000000000000000e+00, 0.000000000000000000e+00, 5.107374163344502449e-04, 0.000000000000000000e+00, 0.000000000000000000e+00, 0.000000000000000000e+00, 0.000000000000000000e+00, 0.000000000000000000e+00, 4.785128985531628132e-04, 0.000000000000000000e+00, 0.000000000000000000e+00, 0.000000000000000000e+00, 0.000000000000000000e+00, 0.000000000000000000e+00, 7.628587633371353149e-02, 0.000000000000000000e+00, 0.000000000000000000e+00, 0.000000000000000000e+00, 0.000000000000000000e+00, 0.000000000000000000e+00, 0.000000000000000000e+00, 0.000000000000000000e+00, 0.000000000000000000e+00, 6.382965948432683945e-04, 0.000000000000000000e+00, 4.663311119657009840e-04, 0.000000000000000000e+00, 7.993963663466274738e-04, 0.000000000000000000e+00, 4.712424706667661667e-04, 0.000000000000000000e+00, 0.000000000000000000e+00, 6.121160113252699375e-04, 0.000000000000000000e+00, 5.009236629121005535e-04, 0.000000000000000000e+00
0.000000000000000000e+00, 0.000000000000000000e+00, 0.000000000000000000e+00, 1.079708570614457130e-03, 0.000000000000000000e+00, 0.000000000000000000e+00, 0.000000000000000000e+00, 0.000000000000000000e+00, 7.973421597853302956e-04, 0.000000000000000000e+00, 0.000000000000000000e+00, 0.000000000000000000e+00, 0.000000000000000000e+00, 0.000000000000000000e+00, 0.000000000000000000e+00, 0.000000000000000000e+00, 0.000000000000000000e+00, 0.000000000000000000e+00, 0.000000000000000000e+00, 0.000000000000000000e+00, 0.000000000000000000e+00, 0.000000000000000000e+00, 0.000000000000000000e+00, 0.000000000000000000e+00, 0.000000000000000000e+00, 6.661769747734069824e-02, 0.000000000000000000e+00, 0.000000000000000000e+00, 0.000000000000000000e+00, 1.068255282007157803e-03, 0.000000000000000000e+00, 0.000000000000000000e+00, 1.060638227500021458e-03, 0.000000000000000000e+00, 0.000000000000000000e+00, 0.000000000000000000e+00, 1.222326303832232952e-03, 0.000000000000000000e+00, 1.313311164267361164e-03, 0.000000000000000000e+00, 0.000000000000000000e+00, 1.120332744903862476e-03, 0.000000000000000000e+00, 0.000000000000000000e+00, 0.000000000000000000e+00, 1.186181441880762577e-03
0.000000000000000000e+00, 0.000000000000000000e+00, 0.000000000000000000e+00, 0.000000000000000000e+00, 0.000000000000000000e+00, 0.000000000000000000e+00, 0.000000000000000000e+00, 0.000000000000000000e+00, 0.000000000000000000e+00, 0.000000000000000000e+00, 0.000000000000000000e+00, 0.000000000000000000e+00, 0.000000000000000000e+00, 0.000000000000000000e+00, 0.000000000000000000e+00, 0.000000000000000000e+00, 0.000000000000000000e+00, 0.000000000000000000e+00, 0.000000000000000000e+00, 0.000000000000000000e+00, 0.000000000000000000e+00, 0.000000000000000000e+00, 0.000000000000000000e+00, 0.000000000000000000e+00, 0.000000000000000000e+00, 0.000000000000000000e+00, 6.850950419902801514e-02, 0.000000000000000000e+00, 0.000000000000000000e+00, 0.000000000000000000e+00, 0.000000000000000000e+00, 0.000000000000000000e+00, 0.000000000000000000e+00, 0.000000000000000000e+00, 0.000000000000000000e+00, 0.000000000000000000e+00, 0.000000000000000000e+00, 0.000000000000000000e+00, 0.000000000000000000e+00, 0.000000000000000000e+00, 0.000000000000000000e+00, 0.000000000000000000e+00, 0.000000000000000000e+00, 0.000000000000000000e+00, 0.000000000000000000e+00, 0.000000000000000000e+00
0.000000000000000000e+00, 0.000000000000000000e+00, 0.000000000000000000e+00, 0.000000000000000000e+00, 0.000000000000000000e+00, 0.000000000000000000e+00, 0.000000000000000000e+00, 0.000000000000000000e+00, 0.000000000000000000e+00, 0.000000000000000000e+00, 0.000000000000000000e+00, 0.000000000000000000e+00, 0.000000000000000000e+00, 0.000000000000000000e+00, 0.000000000000000000e+00, 0.000000000000000000e+00, 0.000000000000000000e+00, 0.000000000000000000e+00, 0.000000000000000000e+00, 0.000000000000000000e+00, 0.000000000000000000e+00, 0.000000000000000000e+00, 0.000000000000000000e+00, 0.000000000000000000e+00, 0.000000000000000000e+00, 0.000000000000000000e+00, 0.000000000000000000e+00, 8.345624804496765137e-02, 0.000000000000000000e+00, 0.000000000000000000e+00, 0.000000000000000000e+00, 0.000000000000000000e+00, 0.000000000000000000e+00, 0.000000000000000000e+00, 0.000000000000000000e+00, 0.000000000000000000e+00, 0.000000000000000000e+00, 0.000000000000000000e+00, 0.000000000000000000e+00, 0.000000000000000000e+00, 0.000000000000000000e+00, 0.000000000000000000e+00, 0.000000000000000000e+00, 0.000000000000000000e+00, 0.000000000000000000e+00, 0.000000000000000000e+00
0.000000000000000000e+00, 0.000000000000000000e+00, 8.325779926963150501e-04, 0.000000000000000000e+00, 8.001859532669186592e-04, 0.000000000000000000e+00, 0.000000000000000000e+00, 0.000000000000000000e+00, 0.000000000000000000e+00, 0.000000000000000000e+00, 8.183087338693439960e-04, 8.896104409359395504e-04, 0.000000000000000000e+00, 0.000000000000000000e+00, 0.000000000000000000e+00, 0.000000000000000000e+00, 0.000000000000000000e+00, 0.000000000000000000e+00, 0.000000000000000000e+00, 9.963437914848327637e-04, 0.000000000000000000e+00, 0.000000000000000000e+00, 0.000000000000000000e+00, 8.231042884290218353e-04, 0.000000000000000000e+00, 0.000000000000000000e+00, 0.000000000000000000e+00, 0.000000000000000000e+00, 7.717478275299072266e-02, 0.000000000000000000e+00, 0.000000000000000000e+00, 8.122816216200590134e-04, 0.000000000000000000e+00, 0.000000000000000000e+00, 8.397302008233964443e-04, 0.000000000000000000e+00, 0.000000000000000000e+00, 0.000000000000000000e+00, 0.000000000000000000e+00, 0.000000000000000000e+00, 0.000000000000000000e+00, 0.000000000000000000e+00, 0.000000000000000000e+00, 0.000000000000000000e+00, 0.000000000000000000e+00, 0.000000000000000000e+00
0.000000000000000000e+00, 0.000000000000000000e+00, 0.000000000000000000e+00, 6.380843697115778923e-04, 0.000000000000000000e+00, 0.000000000000000000e+00, 0.000000000000000000e+00, 0.000000000000000000e+00, 7.069551502354443073e-04, 0.000000000000000000e+00, 0.000000000000000000e+00, 0.000000000000000000e+00, 0.000000000000000000e+00, 0.000000000000000000e+00, 0.000000000000000000e+00, 0.000000000000000000e+00, 0.000000000000000000e+00, 0.000000000000000000e+00, 0.000000000000000000e+00, 0.000000000000000000e+00, 0.000000000000000000e+00, 0.000000000000000000e+00, 0.000000000000000000e+00, 0.000000000000000000e+00, 0.000000000000000000e+00, 4.188526363577693701e-04, 0.000000000000000000e+00, 0.000000000000000000e+00, 0.000000000000000000e+00, 6.609221547842025757e-02, 0.000000000000000000e+00, 0.000000000000000000e+00, 4.126871936023235321e-04, 0.000000000000000000e+00, 0.000000000000000000e+00, 0.000000000000000000e+00, 4.509020072873681784e-04, 0.000000000000000000e+00, 4.772040119860321283e-04, 0.000000000000000000e+00, 0.000000000000000000e+00, 4.512317245826125145e-04, 0.000000000000000000e+00, 0.000000000000000000e+00, 0.000000000000000000e+00, 4.779262235388159752e-04
0.000000000000000000e+00, 0.000000000000000000e+00, 0.000000000000000000e+00, 0.000000000000000000e+00, 0.000000000000000000e+00, 0.000000000000000000e+00, 0.000000000000000000e+00, 0.000000000000000000e+00, 0.000000000000000000e+00, 0.000000000000000000e+00, 0.000000000000000000e+00, 0.000000000000000000e+00, 0.000000000000000000e+00, 0.000000000000000000e+00, 0.000000000000000000e+00, 0.000000000000000000e+00, 0.000000000000000000e+00, 0.000000000000000000e+00, 0.000000000000000000e+00, 0.000000000000000000e+00, 0.000000000000000000e+00, 0.000000000000000000e+00, 0.000000000000000000e+00, 0.000000000000000000e+00, 0.000000000000000000e+00, 0.000000000000000000e+00, 0.000000000000000000e+00, 0.000000000000000000e+00, 0.000000000000000000e+00, 0.000000000000000000e+00, 7.709275186061859131e-02, 0.000000000000000000e+00, 0.000000000000000000e+00, 0.000000000000000000e+00, 0.000000000000000000e+00, 0.000000000000000000e+00, 0.000000000000000000e+00, 0.000000000000000000e+00, 0.000000000000000000e+00, 0.000000000000000000e+00, 0.000000000000000000e+00, 0.000000000000000000e+00, 0.000000000000000000e+00, 0.000000000000000000e+00, 0.000000000000000000e+00, 0.000000000000000000e+00
0.000000000000000000e+00, 0.000000000000000000e+00, 6.065451307222247124e-04, 0.000000000000000000e+00, 5.866423016414046288e-04, 0.000000000000000000e+00, 0.000000000000000000e+00, 0.000000000000000000e+00, 0.000000000000000000e+00, 0.000000000000000000e+00, 6.399840349331498146e-04, 6.480501033365726471e-04, 0.000000000000000000e+00, 0.000000000000000000e+00, 0.000000000000000000e+00, 0.000000000000000000e+00, 0.000000000000000000e+00, 0.000000000000000000e+00, 0.000000000000000000e+00, 6.854941020719707012e-04, 0.000000000000000000e+00, 0.000000000000000000e+00, 0.000000000000000000e+00, 6.680183578282594681e-04, 0.000000000000000000e+00, 0.000000000000000000e+00, 0.000000000000000000e+00, 0.000000000000000000e+00, 7.264858577400445938e-04, 0.000000000000000000e+00, 0.000000000000000000e+00, 7.296568900346755981e-02, 0.000000000000000000e+00, 0.000000000000000000e+00, 6.276720087043941021e-04, 0.000000000000000000e+00, 0.000000000000000000e+00, 0.000000000000000000e+00, 0.000000000000000000e+00, 0.000000000000000000e+00, 0.000000000000000000e+00, 0.000000000000000000e+00, 0.000000000000000000e+00, 0.000000000000000000e+00, 0.000000000000000000e+00, 0.000000000000000000e+00
0.000000000000000000e+00, 0.000000000000000000e+00, 0.000000000000000000e+00, 6.553800194524228573e-04, 0.000000000000000000e+00, 0.000000000000000000e+00, 0.000000000000000000e+00, 0.000000000000000000e+00, 6.578496540896594524e-04, 0.000000000000000000e+00, 0.000000000000000000e+00, 0.000000000000000000e+00, 0.000000000000000000e+00, 0.000000000000000000e+00, 0.000000000000000000e+00, 0.000000000000000000e+00, 0.000000000000000000e+00, 0.000000000000000000e+00, 0.000000000000000000e+00, 0.000000000000000000e+00, 0.000000000000000000e+00, 0.000000000000000000e+00, 0.000000000000000000e+00, 0.000000000000000000e+00, 0.000000000000000000e+00, 7.387078367173671722e-04, 0.000000000000000000e+00, 0.000000000000000000e+00, 0.000000000000000000e+00, 6.214315071702003479e-04, 0.000000000000000000e+00, 0.000000000000000000e+00, 7.454384863376617432e-02, 0.000000000000000000e+00, 0.000000000000000000e+00, 0.000000000000000000e+00, 8.802674710750579834e-04, 0.000000000000000000e+00, 8.912092889659106731e-04, 0.000000000000000000e+00, 0.000000000000000000e+00, 9.050149819813668728e-04, 0.000000000000000000e+00, 0.000000000000000000e+00, 0.000000000000000000e+00, 1.026095240376889706e-03
0.000000000000000000e+00, 0.000000000000000000e+00, 0.000000000000000000e+00, 0.000000000000000000e+00, 0.000000000000000000e+00, 0.000000000000000000e+00, 0.000000000000000000e+00, 0.000000000000000000e+00, 0.000000000000000000e+00, 0.000000000000000000e+00, 0.000000000000000000e+00, 0.000000000000000000e+00, 5.697449087165296078e-04, 0.000000000000000000e+00, 0.000000000000000000e+00, 0.000000000000000000e+00, 0.000000000000000000e+00, 0.000000000000000000e+00, 5.330268177203834057e-04, 0.000000000000000000e+00, 0.000000000000000000e+00, 0.000000000000000000e+00, 0.000000000000000000e+00, 0.000000000000000000e+00, 6.916486308909952641e-04, 0.000000000000000000e+00, 0.000000000000000000e+00, 0.000000000000000000e+00, 0.000000000000000000e+00, 0.000000000000000000e+00, 0.000000000000000000e+00, 0.000000000000000000e+00, 0.000000000000000000e+00, 7.433441281318664551e-02, 0.000000000000000000e+00, 5.205859779380261898e-04, 0.000000000000000000e+00, 6.658022757619619370e-04, 0.000000000000000000e+00, 5.097712273709475994e-04, 0.000000000000000000e+00, 0.000000000000000000e+00, 5.883658304810523987e-04, 0.000000000000000000e+00, 6.437648553401231766e-04, 0.000000000000000000e+00
0.000000000000000000e+00, 0.000000000000000000e+00, 6.863261223770678043e-04, 0.000000000000000000e+00, 7.043423829600214958e-04, 0.000000000000000000e+00, 0.000000000000000000e+00, 0.000000000000000000e+00, 0.000000000000000000e+00, 0.000000000000000000e+00, 8.029483724385499954e-04, 7.934748427942395210e-04, 0.000000000000000000e+00, 0.000000000000000000e+00, 0.000000000000000000e+00, 0.000000000000000000e+00, 0.000000000000000000e+00, 0.000000000000000000e+00, 0.000000000000000000e+00, 8.383215754292905331e-04, 0.000000000000000000e+00, 0.000000000000000000e+00, 0.000000000000000000e+00, 6.673526950180530548e-04, 0.000000000000000000e+00, 0.000000000000000000e+00, 0.000000000000000000e+00, 0.000000000000000000e+00, 8.747991523705422878e-04, 0.000000000000000000e+00, 0.000000000000000000e+00, 6.907901843078434467e-04, 0.000000000000000000e+00, 0.000000000000000000e+00, 8.050284534692764282e-02, 0.000000000000000000e+00, 0.000000000000000000e+00, 0.000000000000000000e+00, 0.000000000000000000e+00, 0.000000000000000000e+00, 0.000000000000000000e+00, 0.000000000000000000e+00, 0.000000000000000000e+00, 0.000000000000000000e+00, 0.000000000000000000e+00, 0.000000000000000000e+00
0.000000000000000000e+00, 0.000000000000000000e+00, 0.000000000000000000e+00, 0.000000000000000000e+00, 0.000000000000000000e+00, 0.000000000000000000e+00, 0.000000000000000000e+00, 0.000000000000000000e+00, 0.000000000000000000e+00, 0.000000000000000000e+00, 0.000000000000000000e+00, 0.000000000000000000e+00, 1.251686830073595047e-03, 0.000000000000000000e+00, 0.000000000000000000e+00, 0.000000000000000000e+00, 0.000000000000000000e+00, 0.000000000000000000e+00, 1.036484725773334503e-03, 0.000000000000000000e+00, 0.000000000000000000e+00, 0.000000000000000000e+00, 0.000000000000000000e+00, 0.000000000000000000e+00, 7.219322724267840385e-04, 0.000000000000000000e+00, 0.000000000000000000e+00, 0.000000000000000000e+00, 0.000000000000000000e+00, 0.000000000000000000e+00, 0.000000000000000000e+00, 0.000000000000000000e+00, 0.000000000000000000e+00, 1.044350792653858662e-03, 0.000000000000000000e+00, 8.059979230165481567e-02, 0.000000000000000000e+00, 7.130315643735229969e-04, 0.000000000000000000e+00, 8.931756601668894291e-04, 0.000000000000000000e+00, 0.000000000000000000e+00, 8.054313366301357746e-04, 0.000000000000000000e+00, 7.826922228559851646e-04, 0.000000000000000000e+00
0.000000000000000000e+00, 0.000000000000000000e+00, 0.000000000000000000e+00, 4.398026503622531891e-04, 0.000000000000000000e+00, 0.000000000000000000e+00, 0.000000000000000000e+00, 0.000000000000000000e+00, 4.430652188602834940e-04, 0.000000000000000000e+00, 0.000000000000000000e+00, 0.000000000000000000e+00, 0.000000000000000000e+00, 0.000000000000000000e+00, 0.000000000000000000e+00, 0.000000000000000000e+00, 0.000000000000000000e+00, 0.000000000000000000e+00, 0.000000000000000000e+00, 0.000000000000000000e+00, 0.000000000000000000e+00, 0.000000000000000000e+00, 0.000000000000000000e+00, 0.000000000000000000e+00, 0.000000000000000000e+00, 4.540835216175764799e-04, 0.000000000000000000e+00, 0.000000000000000000e+00, 0.000000000000000000e+00, 4.434638249222189188e-04, 0.000000000000000000e+00, 0.000000000000000000e+00, 4.807361692655831575e-04, 0.000000000000000000e+00, 0.000000000000000000e+00, 0.000000000000000000e+00, 7.229375094175338745e-02, 0.000000000000000000e+00, 6.855753599666059017e-04, 0.000000000000000000e+00, 0.000000000000000000e+00, 5.293427966535091400e-04, 0.000000000000000000e+00, 0.000000000000000000e+00, 0.000000000000000000e+00, 5.676270229741930962e-04
0.000000000000000000e+00, 0.000000000000000000e+00, 0.000000000000000000e+00, 0.000000000000000000e+00, 0.000000000000000000e+00, 0.000000000000000000e+00, 0.000000000000000000e+00, 0.000000000000000000e+00, 0.000000000000000000e+00, 0.000000000000000000e+00, 0.000000000000000000e+00, 0.000000000000000000e+00, 5.369717837311327457e-04, 0.000000000000000000e+00, 0.000000000000000000e+00, 0.000000000000000000e+00, 0.000000000000000000e+00, 0.000000000000000000e+00, 5.049913888797163963e-04, 0.000000000000000000e+00, 0.000000000000000000e+00, 0.000000000000000000e+00, 0.000000000000000000e+00, 0.000000000000000000e+00, 1.007869956083595753e-03, 0.000000000000000000e+00, 0.000000000000000000e+00, 0.000000000000000000e+00, 0.000000000000000000e+00, 0.000000000000000000e+00, 0.000000000000000000e+00, 0.000000000000000000e+00, 0.000000000000000000e+00, 8.170832879841327667e-04, 0.000000000000000000e+00, 5.005476996302604675e-04, 0.000000000000000000e+00, 8.033905923366546631e-02, 0.000000000000000000e+00, 5.109304329380393028e-04, 0.000000000000000000e+00, 0.000000000000000000e+00, 7.164118578657507896e-04, 0.000000000000000000e+00, 5.809007561765611172e-04, 0.000000000000000000e+00
0.000000000000000000e+00, 0.000000000000000000e+00, 0.000000000000000000e+00, 4.578003135975450277e-04, 0.000000000000000000e+00, 0.000000000000000000e+00, 0.000000000000000000e+00, 0.000000000000000000e+00, 4.684989980887621641e-04, 0.000000000000000000e+00, 0.000000000000000000e+00, 0.000000000000000000e+00, 0.000000000000000000e+00, 0.000000000000000000e+00, 0.000000000000000000e+00, 0.000000000000000000e+00, 0.000000000000000000e+00, 0.000000000000000000e+00, 0.000000000000000000e+00, 0.000000000000000000e+00, 0.000000000000000000e+00, 0.000000000000000000e+00, 0.000000000000000000e+00, 0.000000000000000000e+00, 0.000000000000000000e+00, 4.694019444286823273e-04, 0.000000000000000000e+00, 0.000000000000000000e+00, 0.000000000000000000e+00, 4.528864810708910227e-04, 0.000000000000000000e+00, 0.000000000000000000e+00, 5.069954786449670792e-04, 0.000000000000000000e+00, 0.000000000000000000e+00, 0.000000000000000000e+00, 7.172743207775056362e-04, 0.000000000000000000e+00, 8.940081298351287842e-02, 0.000000000000000000e+00, 0.000000000000000000e+00, 5.536911776289343834e-04, 0.000000000000000000e+00, 0.000000000000000000e+00, 0.000000000000000000e+00, 5.832551396451890469e-04
0.000000000000000000e+00, 0.000000000000000000e+00, 0.000000000000000000e+00, 0.000000000000000000e+00, 0.000000000000000000e+00, 0.000000000000000000e+00, 0.000000000000000000e+00, 0.000000000000000000e+00, 0.000000000000000000e+00, 0.000000000000000000e+00, 0.000000000000000000e+00, 0.000000000000000000e+00, 1.307318452745676041e-03, 0.000000000000000000e+00, 0.000000000000000000e+00, 0.000000000000000000e+00, 0.000000000000000000e+00, 0.000000000000000000e+00, 1.069605699740350246e-03, 0.000000000000000000e+00, 0.000000000000000000e+00, 0.000000000000000000e+00, 0.000000000000000000e+00, 0.000000000000000000e+00, 8.724967483431100845e-04, 0.000000000000000000e+00, 0.000000000000000000e+00, 0.000000000000000000e+00, 0.000000000000000000e+00, 0.000000000000000000e+00, 0.000000000000000000e+00, 0.000000000000000000e+00, 0.000000000000000000e+00, 1.029063365422189236e-03, 0.000000000000000000e+00, 1.034753397107124329e-03, 0.000000000000000000e+00, 8.563464507460594177e-04, 0.000000000000000000e+00, 8.188566565513610840e-02, 0.000000000000000000e+00, 0.000000000000000000e+00, 8.297566673718392849e-04, 0.000000000000000000e+00, 9.463680908083915710e-04, 0.000000000000000000e+00
0.000000000000000000e+00, 0.000000000000000000e+00, 0.000000000000000000e+00, 0.000000000000000000e+00, 0.000000000000000000e+00, 0.000000000000000000e+00, 0.000000000000000000e+00, 0.000000000000000000e+00, 0.000000000000000000e+00, 0.000000000000000000e+00, 0.000000000000000000e+00, 0.000000000000000000e+00, 0.000000000000000000e+00, 0.000000000000000000e+00, 0.000000000000000000e+00, 0.000000000000000000e+00, 0.000000000000000000e+00, 0.000000000000000000e+00, 0.000000000000000000e+00, 0.000000000000000000e+00, 0.000000000000000000e+00, 0.000000000000000000e+00, 0.000000000000000000e+00, 0.000000000000000000e+00, 0.000000000000000000e+00, 0.000000000000000000e+00, 0.000000000000000000e+00, 0.000000000000000000e+00, 0.000000000000000000e+00, 0.000000000000000000e+00, 0.000000000000000000e+00, 0.000000000000000000e+00, 0.000000000000000000e+00, 0.000000000000000000e+00, 0.000000000000000000e+00, 0.000000000000000000e+00, 0.000000000000000000e+00, 0.000000000000000000e+00, 0.000000000000000000e+00, 0.000000000000000000e+00, 7.383112609386444092e-02, 0.000000000000000000e+00, 0.000000000000000000e+00, 2.375542884692549706e-03, 0.000000000000000000e+00, 0.000000000000000000e+00
0.000000000000000000e+00, 0.000000000000000000e+00, 0.000000000000000000e+00, 5.304160295054316521e-04, 0.000000000000000000e+00, 0.000000000000000000e+00, 0.000000000000000000e+00, 0.000000000000000000e+00, 5.229366361163556576e-04, 0.000000000000000000e+00, 0.000000000000000000e+00, 0.000000000000000000e+00, 0.000000000000000000e+00, 0.000000000000000000e+00, 0.000000000000000000e+00, 0.000000000000000000e+00, 0.000000000000000000e+00, 0.000000000000000000e+00, 0.000000000000000000e+00, 0.000000000000000000e+00, 0.000000000000000000e+00, 0.000000000000000000e+00, 0.000000000000000000e+00, 0.000000000000000000e+00, 0.000000000000000000e+00, 5.769091076217591763e-04, 0.000000000000000000e+00, 0.000000000000000000e+00, 0.000000000000000000e+00, 5.227475194260478020e-04, 0.000000000000000000e+00, 0.000000000000000000e+00, 6.751724286004900932e-04, 0.000000000000000000e+00, 0.000000000000000000e+00, 0.000000000000000000e+00, 7.122737006284296513e-04, 0.000000000000000000e+00, 7.675067172385752201e-04, 0.000000000000000000e+00, 0.000000000000000000e+00, 8.115566521883010864e-02, 0.000000000000000000e+00, 0.000000000000000000e+00, 0.000000000000000000e+00, 8.898277883417904377e-04
0.000000000000000000e+00, 0.000000000000000000e+00, 0.000000000000000000e+00, 0.000000000000000000e+00, 0.000000000000000000e+00, 0.000000000000000000e+00, 0.000000000000000000e+00, 0.000000000000000000e+00, 0.000000000000000000e+00, 0.000000000000000000e+00, 0.000000000000000000e+00, 0.000000000000000000e+00, 8.724371436983346939e-04, 0.000000000000000000e+00, 0.000000000000000000e+00, 0.000000000000000000e+00, 0.000000000000000000e+00, 0.000000000000000000e+00, 8.096723468042910099e-04, 0.000000000000000000e+00, 0.000000000000000000e+00, 0.000000000000000000e+00, 0.000000000000000000e+00, 0.000000000000000000e+00, 1.467797206714749336e-03, 0.000000000000000000e+00, 0.000000000000000000e+00, 0.000000000000000000e+00, 0.000000000000000000e+00, 0.000000000000000000e+00, 0.000000000000000000e+00, 0.000000000000000000e+00, 0.000000000000000000e+00, 1.183380838483572006e-03, 0.000000000000000000e+00, 7.486985996365547180e-04, 0.000000000000000000e+00, 1.517419819720089436e-03, 0.000000000000000000e+00, 7.521401275880634785e-04, 0.000000000000000000e+00, 0.000000000000000000e+00, 8.192941546440124512e-02, 0.000000000000000000e+00, 1.308416132815182209e-03, 0.000000000000000000e+00
0.000000000000000000e+00, 0.000000000000000000e+00, 0.000000000000000000e+00, 0.000000000000000000e+00, 0.000000000000000000e+00, 0.000000000000000000e+00, 0.000000000000000000e+00, 0.000000000000000000e+00, 0.000000000000000000e+00, 0.000000000000000000e+00, 0.000000000000000000e+00, 0.000000000000000000e+00, 0.000000000000000000e+00, 0.000000000000000000e+00, 0.000000000000000000e+00, 0.000000000000000000e+00, 0.000000000000000000e+00, 0.000000000000000000e+00, 0.000000000000000000e+00, 0.000000000000000000e+00, 0.000000000000000000e+00, 0.000000000000000000e+00, 0.000000000000000000e+00, 0.000000000000000000e+00, 0.000000000000000000e+00, 0.000000000000000000e+00, 0.000000000000000000e+00, 0.000000000000000000e+00, 0.000000000000000000e+00, 0.000000000000000000e+00, 0.000000000000000000e+00, 0.000000000000000000e+00, 0.000000000000000000e+00, 0.000000000000000000e+00, 0.000000000000000000e+00, 0.000000000000000000e+00, 0.000000000000000000e+00, 0.000000000000000000e+00, 0.000000000000000000e+00, 0.000000000000000000e+00, 2.470177132636308670e-03, 0.000000000000000000e+00, 0.000000000000000000e+00, 8.553146570920944214e-02, 0.000000000000000000e+00, 0.000000000000000000e+00
0.000000000000000000e+00, 0.000000000000000000e+00, 0.000000000000000000e+00, 0.000000000000000000e+00, 0.000000000000000000e+00, 0.000000000000000000e+00, 0.000000000000000000e+00, 0.000000000000000000e+00, 0.000000000000000000e+00, 0.000000000000000000e+00, 0.000000000000000000e+00, 0.000000000000000000e+00, 9.088049991987645626e-04, 0.000000000000000000e+00, 0.000000000000000000e+00, 0.000000000000000000e+00, 0.000000000000000000e+00, 0.000000000000000000e+00, 8.091771742329001427e-04, 0.000000000000000000e+00, 0.000000000000000000e+00, 0.000000000000000000e+00, 0.000000000000000000e+00, 0.000000000000000000e+00, 1.087682438082993031e-03, 0.000000000000000000e+00, 0.000000000000000000e+00, 0.000000000000000000e+00, 0.000000000000000000e+00, 0.000000000000000000e+00, 0.000000000000000000e+00, 0.000000000000000000e+00, 0.000000000000000000e+00, 1.522923237644135952e-03, 0.000000000000000000e+00, 7.900923374108970165e-04, 0.000000000000000000e+00, 1.084245275706052780e-03, 0.000000000000000000e+00, 8.457264048047363758e-04, 0.000000000000000000e+00, 0.000000000000000000e+00, 1.169754192233085632e-03, 0.000000000000000000e+00, 8.252338320016860962e-02, 0.000000000000000000e+00
0.000000000000000000e+00, 0.000000000000000000e+00, 0.000000000000000000e+00, 4.526792326942086220e-04, 0.000000000000000000e+00, 0.000000000000000000e+00, 0.000000000000000000e+00, 0.000000000000000000e+00, 4.629533505067229271e-04, 0.000000000000000000e+00, 0.000000000000000000e+00, 0.000000000000000000e+00, 0.000000000000000000e+00, 0.000000000000000000e+00, 0.000000000000000000e+00, 0.000000000000000000e+00, 0.000000000000000000e+00, 0.000000000000000000e+00, 0.000000000000000000e+00, 0.000000000000000000e+00, 0.000000000000000000e+00, 0.000000000000000000e+00, 0.000000000000000000e+00, 0.000000000000000000e+00, 0.000000000000000000e+00, 4.892447032034397125e-04, 0.000000000000000000e+00, 0.000000000000000000e+00, 0.000000000000000000e+00, 4.672780341934412718e-04, 0.000000000000000000e+00, 0.000000000000000000e+00, 5.817508790642023087e-04, 0.000000000000000000e+00, 0.000000000000000000e+00, 0.000000000000000000e+00, 5.813722964376211166e-04, 0.000000000000000000e+00, 6.052562966942787170e-04, 0.000000000000000000e+00, 0.000000000000000000e+00, 6.436530966311693192e-04, 0.000000000000000000e+00, 0.000000000000000000e+00, 0.000000000000000000e+00, 7.950768619775772095e-02
